<?xml version="1.0" encoding="UTF-8"?>
<!DOCTYPE hibernate-configuration PUBLIC "-//Hibernate/Hibernate Configuration DTD 3.0//EN" 
"http://hibernate.sourceforge.net/hibernate-configuration-3.0.dtd">
<hibernate-configuration>
  <session-factory>
    <property name="hibernate.dialect">org.hibernate.dialect.PostgreSQLDialect</property>
    	<property name="hibernate.connection.driver_class">org.postgresql.Driver</property>
    	<property name="hibernate.connection.url">jdbc:postgresql://192.168.8.14:5432/salespop2</property>
    	<property name="hibernate.connection.username">postgres</property>
    	<property name="hibernate.connection.password"></property>
  </session-factory>
</hibernate-configuration>
